REGION,SETTLEMENTDATE,TOTALDEMAND,RRP,PERIODTYPE,ORIGINAL_DEMAND,MODELLED_DEMAND
VIC1,2025-01-01 00:00:00,4600.216818181818,76.30030303030303,AVERAGE,4600.216818181818,4600.216818181818
VIC1,2025-01-01 00:05:00,4588.369242424243,81.38969696969697,AVERAGE,4588.369242424243,4588.369242424243
VIC1,2025-01-01 00:10:00,4546.1196969696975,79.62257575757576,AVERAGE,4546.1196969696975,4546.1196969696975
VIC1,2025-01-01 00:15:00,4516.241363636364,78.03015151515152,AVERAGE,4516.241363636364,4516.241363636364
VIC1,2025-01-01 00:20:00,4485.35696969697,76.47469696969696,AVERAGE,4485.35696969697,4485.35696969697
VIC1,2025-01-01 00:25:00,4459.224848484849,75.12969696969697,AVERAGE,4459.224848484849,4459.224848484849
VIC1,2025-01-01 00:30:00,4438.431818181818,75.01439393939394,AVERAGE,4438.431818181818,4438.431818181818
VIC1,2025-01-01 00:35:00,4418.987727272727,75.98515151515153,AVERAGE,4418.987727272727,4418.987727272727
VIC1,2025-01-01 00:40:00,4394.824848484848,76.78454545454545,AVERAGE,4394.824848484848,4394.824848484848
VIC1,2025-01-01 00:45:00,4373.643484848484,75.3810606060606,AVERAGE,4373.643484848484,4373.643484848484
VIC1,2025-01-01 00:50:00,4356.930909090909,74.82787878787879,AVERAGE,4356.930909090909,4356.930909090909
VIC1,2025-01-01 00:55:00,4338.606212121213,73.49318181818182,AVERAGE,4338.606212121213,4338.606212121213
VIC1,2025-01-01 01:00:00,4325.831818181819,71.80878787878788,AVERAGE,4325.831818181819,4325.831818181819
VIC1,2025-01-01 01:05:00,4306.453787878788,74.32242424242423,AVERAGE,4306.453787878788,4306.453787878788
VIC1,2025-01-01 01:10:00,4297.295606060607,76.0968181818182,AVERAGE,4297.295606060607,4297.295606060607
VIC1,2025-01-01 01:15:00,4280.850757575758,73.5160606060606,AVERAGE,4280.850757575758,4280.850757575758
VIC1,2025-01-01 01:20:00,4259.362121212122,71.49212121212122,AVERAGE,4259.362121212122,4259.362121212122
VIC1,2025-01-01 01:25:00,4235.4307575757575,68.16030303030303,AVERAGE,4235.4307575757575,4235.4307575757575
VIC1,2025-01-01 01:30:00,4221.941515151515,70.52469696969698,AVERAGE,4221.941515151515,4221.941515151515
VIC1,2025-01-01 01:35:00,4204.781515151515,70.78969696969696,AVERAGE,4204.781515151515,4204.781515151515
VIC1,2025-01-01 01:40:00,4180.963333333333,68.7219696969697,AVERAGE,4180.963333333333,4180.963333333333
VIC1,2025-01-01 01:45:00,4165.020606060606,68.4689393939394,AVERAGE,4165.020606060606,4165.020606060606
VIC1,2025-01-01 01:50:00,4145.709090909091,66.11333333333333,AVERAGE,4145.709090909091,4145.709090909091
VIC1,2025-01-01 01:55:00,4127.948484848484,66.52424242424243,AVERAGE,4127.948484848484,4127.948484848484
VIC1,2025-01-01 02:00:00,4115.783181818182,64.76787878787879,AVERAGE,4115.783181818182,4115.783181818182
VIC1,2025-01-01 02:05:00,4102.245,67.15878787878789,AVERAGE,4102.245,4102.245
VIC1,2025-01-01 02:10:00,4112.609696969696,67.25575757575757,AVERAGE,4112.609696969696,4112.609696969696
VIC1,2025-01-01 02:15:00,4093.43893939394,65.93787878787879,AVERAGE,4093.43893939394,4093.43893939394
VIC1,2025-01-01 02:20:00,4080.724696969697,62.64757575757575,AVERAGE,4080.724696969697,4080.724696969697
VIC1,2025-01-01 02:25:00,4077.617727272728,64.50651515151516,AVERAGE,4077.617727272728,4077.617727272728
VIC1,2025-01-01 02:30:00,4052.71696969697,61.756818181818176,AVERAGE,4052.71696969697,4052.71696969697
VIC1,2025-01-01 02:35:00,4048.503181818182,64.23757575757577,AVERAGE,4048.503181818182,4048.503181818182
VIC1,2025-01-01 02:40:00,4041.461666666666,62.95909090909091,AVERAGE,4041.461666666666,4041.461666666666
VIC1,2025-01-01 02:45:00,4040.5657575757577,63.02424242424243,AVERAGE,4040.5657575757577,4040.5657575757577
VIC1,2025-01-01 02:50:00,4036.073484848485,62.3169696969697,AVERAGE,4036.073484848485,4036.073484848485
VIC1,2025-01-01 02:55:00,4030.5478787878783,60.913939393939394,AVERAGE,4030.5478787878783,4030.5478787878783
VIC1,2025-01-01 03:00:00,4024.2916666666665,60.74075757575758,AVERAGE,4024.2916666666665,4024.2916666666665
VIC1,2025-01-01 03:05:00,4023.1868181818186,61.68439393939394,AVERAGE,4023.1868181818186,4023.1868181818186
VIC1,2025-01-01 03:10:00,4036.3916666666655,63.68318181818182,AVERAGE,4036.3916666666655,4036.3916666666655
VIC1,2025-01-01 03:15:00,4036.531363636364,62.18863636363636,AVERAGE,4036.531363636364,4036.531363636364
VIC1,2025-01-01 03:20:00,4033.368939393939,61.3369696969697,AVERAGE,4033.368939393939,4033.368939393939
VIC1,2025-01-01 03:25:00,4042.8881818181817,61.54833333333333,AVERAGE,4042.8881818181817,4042.8881818181817
VIC1,2025-01-01 03:30:00,4041.224242424242,65.38242424242424,AVERAGE,4041.224242424242,4041.224242424242
VIC1,2025-01-01 03:35:00,4042.781515151516,62.39545454545455,AVERAGE,4042.781515151516,4042.781515151516
VIC1,2025-01-01 03:40:00,4059.4946969696975,63.679242424242425,AVERAGE,4059.4946969696975,4059.4946969696975
VIC1,2025-01-01 03:45:00,4073.3410606060606,63.211212121212114,AVERAGE,4073.3410606060606,4073.3410606060606
VIC1,2025-01-01 03:50:00,4086.0892424242425,64.18909090909091,AVERAGE,4086.0892424242425,4086.0892424242425
VIC1,2025-01-01 03:55:00,4090.5068181818174,63.68469696969698,AVERAGE,4090.5068181818174,4090.5068181818174
VIC1,2025-01-01 04:00:00,4095.3257575757575,63.113333333333344,AVERAGE,4095.3257575757575,4095.3257575757575
VIC1,2025-01-01 04:05:00,4119.473484848485,63.26893939393939,AVERAGE,4119.473484848485,4119.473484848485
VIC1,2025-01-01 04:10:00,4168.252121212121,66.64393939393939,AVERAGE,4168.252121212121,4168.252121212121
VIC1,2025-01-01 04:15:00,4181.3696969696975,67.04863636363636,AVERAGE,4181.3696969696975,4181.3696969696975
VIC1,2025-01-01 04:20:00,4202.060454545454,68.69333333333334,AVERAGE,4202.060454545454,4202.060454545454
VIC1,2025-01-01 04:25:00,4226.065303030303,68.19045454545454,AVERAGE,4226.065303030303,4226.065303030303
VIC1,2025-01-01 04:30:00,4235.833787878787,67.64181818181818,AVERAGE,4235.833787878787,4235.833787878787
VIC1,2025-01-01 04:35:00,4254.072878787879,66.23166666666667,AVERAGE,4254.072878787879,4254.072878787879
VIC1,2025-01-01 04:40:00,4292.7321212121215,70.3348484848485,AVERAGE,4292.7321212121215,4292.7321212121215
VIC1,2025-01-01 04:45:00,4315.80303030303,68.82272727272728,AVERAGE,4315.80303030303,4315.80303030303
VIC1,2025-01-01 04:50:00,4343.972272727273,70.82560606060606,AVERAGE,4343.972272727273,4343.972272727273
VIC1,2025-01-01 04:55:00,4361.098484848485,74.50530303030304,AVERAGE,4361.098484848485,4361.098484848485
VIC1,2025-01-01 05:00:00,4387.175,78.76848484848485,AVERAGE,4387.175,4387.175
VIC1,2025-01-01 05:05:00,4422.059090909092,75.16166666666666,AVERAGE,4422.059090909092,4422.059090909092
VIC1,2025-01-01 05:10:00,4520.09,85.81530303030304,AVERAGE,4520.09,4520.09
VIC1,2025-01-01 05:15:00,4562.048181818182,86.9639393939394,AVERAGE,4562.048181818182,4562.048181818182
VIC1,2025-01-01 05:20:00,4579.915151515152,86.13318181818181,AVERAGE,4579.915151515152,4579.915151515152
VIC1,2025-01-01 05:25:00,4623.264545454545,89.9819696969697,AVERAGE,4623.264545454545,4623.264545454545
VIC1,2025-01-01 05:30:00,4652.433333333333,88.08606060606061,AVERAGE,4652.433333333333,4652.433333333333
VIC1,2025-01-01 05:35:00,4667.864696969697,86.83242424242424,AVERAGE,4667.864696969697,4667.864696969697
VIC1,2025-01-01 05:40:00,4712.509848484849,91.4978787878788,AVERAGE,4712.509848484849,4712.509848484849
VIC1,2025-01-01 05:45:00,4728.199848484848,92.92924242424242,AVERAGE,4728.199848484848,4728.199848484848
VIC1,2025-01-01 05:50:00,4736.844696969697,89.92924242424242,AVERAGE,4736.844696969697,4736.844696969697
VIC1,2025-01-01 05:55:00,4773.254545454545,91.38242424242424,AVERAGE,4773.254545454545,4773.254545454545
VIC1,2025-01-01 06:00:00,4790.327878787879,84.07909090909091,AVERAGE,4790.327878787879,4790.327878787879
VIC1,2025-01-01 06:05:00,4812.734090909091,82.17424242424242,AVERAGE,4812.734090909091,4812.734090909091
VIC1,2025-01-01 06:10:00,4876.955606060606,87.49954545454545,AVERAGE,4876.955606060606,4876.955606060606
VIC1,2025-01-01 06:15:00,4904.233484848484,83.50969696969698,AVERAGE,4904.233484848484,4904.233484848484
VIC1,2025-01-01 06:20:00,4926.946666666667,79.29560606060606,AVERAGE,4926.946666666667,4926.946666666667
VIC1,2025-01-01 06:25:00,4915.7321212121215,73.57136363636364,AVERAGE,4915.7321212121215,4915.7321212121215
VIC1,2025-01-01 06:30:00,4902.075,65.29742424242424,AVERAGE,4902.075,4902.075
VIC1,2025-01-01 06:35:00,4886.590606060606,59.79681818181818,AVERAGE,4886.590606060606,4886.590606060606
VIC1,2025-01-01 06:40:00,4896.945303030303,58.83984848484848,AVERAGE,4896.945303030303,4896.945303030303
VIC1,2025-01-01 06:45:00,4878.817727272728,53.35469696969697,AVERAGE,4878.817727272728,4878.817727272728
VIC1,2025-01-01 06:50:00,4854.496969696969,47.77409090909091,AVERAGE,4854.496969696969,4854.496969696969
VIC1,2025-01-01 06:55:00,4829.926212121212,47.10227272727273,AVERAGE,4829.926212121212,4829.926212121212
VIC1,2025-01-01 07:00:00,4807.189242424242,42.6789393939394,AVERAGE,4807.189242424242,4807.189242424242
VIC1,2025-01-01 07:05:00,4795.396515151515,45.31166666666667,AVERAGE,4795.396515151515,4795.396515151515
VIC1,2025-01-01 07:10:00,4734.256515151516,39.85121212121212,AVERAGE,4734.256515151516,4734.256515151516
VIC1,2025-01-01 07:15:00,4713.940454545455,40.59515151515152,AVERAGE,4713.940454545455,4713.940454545455
VIC1,2025-01-01 07:20:00,4679.677727272727,33.4960606060606,AVERAGE,4679.677727272727,4679.677727272727
VIC1,2025-01-01 07:25:00,4663.161363636364,29.023030303030303,AVERAGE,4663.161363636364,4663.161363636364
VIC1,2025-01-01 07:30:00,4627.20606060606,26.673030303030306,AVERAGE,4627.20606060606,4627.20606060606
VIC1,2025-01-01 07:35:00,4601.8474242424245,28.983636363636364,AVERAGE,4601.8474242424245,4601.8474242424245
VIC1,2025-01-01 07:40:00,4559.06287878788,28.08939393939394,AVERAGE,4559.06287878788,4559.06287878788
VIC1,2025-01-01 07:45:00,4530.0881818181815,24.091363636363635,AVERAGE,4530.0881818181815,4530.0881818181815
VIC1,2025-01-01 07:50:00,4506.373181818182,22.47515151515152,AVERAGE,4506.373181818182,4506.373181818182
VIC1,2025-01-01 07:55:00,4471.088484848486,21.46393939393939,AVERAGE,4471.088484848486,4471.088484848486
VIC1,2025-01-01 08:00:00,4437.292272727273,15.699696969696973,AVERAGE,4437.292272727273,4437.292272727273
VIC1,2025-01-01 08:05:00,4425.032272727272,23.69469696969697,AVERAGE,4425.032272727272,4425.032272727272
VIC1,2025-01-01 08:10:00,4432.883484848485,24.17666666666667,AVERAGE,4432.883484848485,4432.883484848485
VIC1,2025-01-01 08:15:00,4403.326818181818,27.44863636363636,AVERAGE,4403.326818181818,4403.326818181818
VIC1,2025-01-01 08:20:00,4367.202424242424,20.49636363636364,AVERAGE,4367.202424242424,4367.202424242424
VIC1,2025-01-01 08:25:00,4342.824393939393,20.275606060606066,AVERAGE,4342.824393939393,4342.824393939393
VIC1,2025-01-01 08:30:00,4313.916363636364,16.577878787878785,AVERAGE,4313.916363636364,4313.916363636364
VIC1,2025-01-01 08:35:00,4259.025000000001,19.85090909090909,AVERAGE,4259.025000000001,4259.025000000001
VIC1,2025-01-01 08:40:00,4232.559090909092,12.661363636363635,AVERAGE,4232.559090909092,4232.559090909092
VIC1,2025-01-01 08:45:00,4183.674393939394,7.698333333333334,AVERAGE,4183.674393939394,4183.674393939394
VIC1,2025-01-01 08:50:00,4154.234242424242,3.7839393939393946,AVERAGE,4154.234242424242,4154.234242424242
VIC1,2025-01-01 08:55:00,4138.223333333333,4.937121212121212,AVERAGE,4138.223333333333,4138.223333333333
VIC1,2025-01-01 09:00:00,4084.7796969696974,0.5572727272727274,AVERAGE,4084.7796969696974,4084.7796969696974
VIC1,2025-01-01 09:05:00,4062.9493939393938,5.733787878787879,AVERAGE,4062.9493939393938,4062.9493939393938
VIC1,2025-01-01 09:10:00,4047.256060606061,6.190757575757576,AVERAGE,4047.256060606061,4047.256060606061
VIC1,2025-01-01 09:15:00,3992.1719696969694,-1.4606060606060611,AVERAGE,3992.1719696969694,3992.1719696969694
VIC1,2025-01-01 09:20:00,3955.338181818182,-4.848636363636363,AVERAGE,3955.338181818182,3955.338181818182
VIC1,2025-01-01 09:25:00,3942.403484848485,-5.306515151515152,AVERAGE,3942.403484848485,3942.403484848485
VIC1,2025-01-01 09:30:00,3902.932424242425,-9.16621212121212,AVERAGE,3902.932424242425,3902.932424242425
VIC1,2025-01-01 09:35:00,3877.5016666666666,-2.079242424242425,AVERAGE,3877.5016666666666,3877.5016666666666
VIC1,2025-01-01 09:40:00,3838.347272727273,-6.338636363636363,AVERAGE,3838.347272727273,3838.347272727273
VIC1,2025-01-01 09:45:00,3828.793636363636,-7.517121212121212,AVERAGE,3828.793636363636,3828.793636363636
VIC1,2025-01-01 09:50:00,3789.9728787878794,-9.54060606060606,AVERAGE,3789.9728787878794,3789.9728787878794
VIC1,2025-01-01 09:55:00,3782.755,-9.379696969696967,AVERAGE,3782.755,3782.755
VIC1,2025-01-01 10:00:00,3750.080606060606,-9.917727272727271,AVERAGE,3750.080606060606,3750.080606060606
VIC1,2025-01-01 10:05:00,3736.407575757576,-13.923939393939394,AVERAGE,3736.407575757576,3736.407575757576
VIC1,2025-01-01 10:10:00,3746.81,-6.4398484848484845,AVERAGE,3746.81,3746.81
VIC1,2025-01-01 10:15:00,3731.1218181818185,-5.875,AVERAGE,3731.1218181818185,3731.1218181818185
VIC1,2025-01-01 10:20:00,3699.044848484848,-6.588939393939394,AVERAGE,3699.044848484848,3699.044848484848
VIC1,2025-01-01 10:25:00,3688.595,-10.26590909090909,AVERAGE,3688.595,3688.595
VIC1,2025-01-01 10:30:00,3665.8563636363633,-11.45909090909091,AVERAGE,3665.8563636363633,3665.8563636363633
VIC1,2025-01-01 10:35:00,3645.922575757576,-9.771818181818182,AVERAGE,3645.922575757576,3645.922575757576
VIC1,2025-01-01 10:40:00,3618.796060606061,-8.475606060606061,AVERAGE,3618.796060606061,3618.796060606061
VIC1,2025-01-01 10:45:00,3618.014696969697,-6.406212121212121,AVERAGE,3618.014696969697,3618.014696969697
VIC1,2025-01-01 10:50:00,3595.8610606060606,-7.041666666666667,AVERAGE,3595.8610606060606,3595.8610606060606
VIC1,2025-01-01 10:55:00,3588.081666666667,-10.452121212121211,AVERAGE,3588.081666666667,3588.081666666667
VIC1,2025-01-01 11:00:00,3569.2760606060606,-8.013484848484849,AVERAGE,3569.2760606060606,3854.8181454545456
VIC1,2025-01-01 11:05:00,3578.689393939394,-9.085454545454546,AVERAGE,3578.689393939394,3864.9845454545457
VIC1,2025-01-01 11:10:00,3573.561666666667,-5.166515151515152,AVERAGE,3573.561666666667,3859.4466000000007
VIC1,2025-01-01 11:15:00,3568.6074242424243,-2.7937878787878785,AVERAGE,3568.6074242424243,3854.0960181818186
VIC1,2025-01-01 11:20:00,3550.9386363636368,-8.02818181818182,AVERAGE,3550.9386363636368,3835.013727272728
VIC1,2025-01-01 11:25:00,3572.2122727272726,-4.967727272727273,AVERAGE,3572.2122727272726,3857.9892545454545
VIC1,2025-01-01 11:30:00,3554.856818181818,-2.7486363636363644,AVERAGE,3554.856818181818,3839.245363636364
VIC1,2025-01-01 11:35:00,3552.4642424242425,-9.963636363636365,AVERAGE,3552.4642424242425,3836.6613818181822
VIC1,2025-01-01 11:40:00,3547.9553030303027,-7.816818181818183,AVERAGE,3547.9553030303027,3831.7917272727273
VIC1,2025-01-01 11:45:00,3558.2146969696973,-7.620454545454546,AVERAGE,3558.2146969696973,3842.8718727272735
VIC1,2025-01-01 11:50:00,3546.537424242424,-11.072272727272727,AVERAGE,3546.537424242424,3830.2604181818183
VIC1,2025-01-01 11:55:00,3560.2160606060606,-8.516818181818183,AVERAGE,3560.2160606060606,3845.0333454545457
VIC1,2025-01-01 12:00:00,3548.5695454545453,-8.124848484848485,AVERAGE,3548.5695454545453,3832.455109090909
VIC1,2025-01-01 12:05:00,3564.328333333333,-9.383939393939396,AVERAGE,3564.328333333333,3849.4746
VIC1,2025-01-01 12:10:00,3569.5592424242423,-10.044090909090908,AVERAGE,3569.5592424242423,3855.123981818182
VIC1,2025-01-01 12:15:00,3568.556212121212,-11.261212121212122,AVERAGE,3568.556212121212,3854.0407090909093
VIC1,2025-01-01 12:20:00,3563.614848484848,-10.368030303030302,AVERAGE,3563.614848484848,3848.704036363636
VIC1,2025-01-01 12:25:00,3583.0216666666665,-15.048030303030302,AVERAGE,3583.0216666666665,3869.6634
VIC1,2025-01-01 12:30:00,3572.2778787878788,-13.61090909090909,AVERAGE,3572.2778787878788,3858.0601090909095
VIC1,2025-01-01 12:35:00,3583.885303030303,-18.991515151515152,AVERAGE,3583.885303030303,3870.5961272727277
VIC1,2025-01-01 12:40:00,3575.0672727272727,-17.86439393939394,AVERAGE,3575.0672727272727,3861.072654545455
VIC1,2025-01-01 12:45:00,3587.9010606060606,-14.655757575757576,AVERAGE,3587.9010606060606,3874.933145454546
VIC1,2025-01-01 12:50:00,3600.1824242424245,-10.848484848484848,AVERAGE,3600.1824242424245,3888.1970181818187
VIC1,2025-01-01 12:55:00,3620.860454545455,-9.942121212121211,AVERAGE,3620.860454545455,3910.5292909090917
VIC1,2025-01-01 13:00:00,3621.582121212122,-10.530151515151514,AVERAGE,3621.582121212122,3911.3086909090916
VIC1,2025-01-01 13:05:00,3638.00393939394,-15.208636363636366,AVERAGE,3638.00393939394,3929.0442545454557
VIC1,2025-01-01 13:10:00,3637.183333333333,-15.776363636363635,AVERAGE,3637.183333333333,3928.158
VIC1,2025-01-01 13:15:00,3655.488636363637,-17.709090909090907,AVERAGE,3655.488636363637,3947.927727272728
VIC1,2025-01-01 13:20:00,3661.7439393939394,-8.993181818181817,AVERAGE,3661.7439393939394,3954.683454545455
VIC1,2025-01-01 13:25:00,3690.102575757576,-6.992878787878787,AVERAGE,3690.102575757576,3985.310781818182
VIC1,2025-01-01 13:30:00,3696.008484848485,-8.231666666666666,AVERAGE,3696.008484848485,3991.689163636364
VIC1,2025-01-01 13:35:00,3719.032575757576,-9.508939393939391,AVERAGE,3719.032575757576,4016.5551818181825
VIC1,2025-01-01 13:40:00,3732.7284848484846,-18.61,AVERAGE,3732.7284848484846,4031.346763636364
VIC1,2025-01-01 13:45:00,3749.639696969697,-24.235,AVERAGE,3749.639696969697,4049.610872727273
VIC1,2025-01-01 13:50:00,3773.617878787879,-7.948636363636364,AVERAGE,3773.617878787879,4075.5073090909095
VIC1,2025-01-01 13:55:00,3806.463939393939,-6.759848484848486,AVERAGE,3806.463939393939,4110.981054545455
VIC1,2025-01-01 14:00:00,3817.080606060606,-1.626060606060606,AVERAGE,3817.080606060606,4122.447054545455
VIC1,2025-01-01 14:05:00,3839.5466666666666,-10.474242424242425,AVERAGE,3839.5466666666666,4146.7104
VIC1,2025-01-01 14:10:00,3853.7239393939394,-5.118484848484848,AVERAGE,3853.7239393939394,4162.0218545454545
VIC1,2025-01-01 14:15:00,3873.251818181818,-4.271515151515152,AVERAGE,3873.251818181818,4183.111963636364
VIC1,2025-01-01 14:20:00,3901.716515151515,-1.2654545454545465,AVERAGE,3901.716515151515,4213.853836363636
VIC1,2025-01-01 14:25:00,3939.774545454545,-2.704242424242425,AVERAGE,3939.774545454545,4254.956509090909
VIC1,2025-01-01 14:30:00,3953.999848484848,-1.355151515151516,AVERAGE,3953.999848484848,4270.319836363636
VIC1,2025-01-01 14:35:00,3973.443787878788,-0.6734848484848495,AVERAGE,3973.443787878788,4291.319290909091
VIC1,2025-01-01 14:40:00,4013.450909090909,-3.889545454545454,AVERAGE,4013.450909090909,4334.526981818182
VIC1,2025-01-01 14:45:00,4067.440606060606,6.400757575757575,AVERAGE,4067.440606060606,4392.835854545455
VIC1,2025-01-01 14:50:00,4107.281969696969,10.977727272727272,AVERAGE,4107.281969696969,4435.864527272727
VIC1,2025-01-01 14:55:00,4149.297272727273,10.874545454545457,AVERAGE,4149.297272727273,4481.241054545455
VIC1,2025-01-01 15:00:00,4180.894090909091,8.952575757575758,AVERAGE,4180.894090909091,4180.894090909091
VIC1,2025-01-01 15:05:00,4218.710454545455,13.787424242424242,AVERAGE,4218.710454545455,4218.710454545455
VIC1,2025-01-01 15:10:00,4255.105303030303,19.884848484848487,AVERAGE,4255.105303030303,4255.105303030303
VIC1,2025-01-01 15:15:00,4294.431212121212,21.39015151515152,AVERAGE,4294.431212121212,4294.431212121212
VIC1,2025-01-01 15:20:00,4331.913181818182,26.189545454545453,AVERAGE,4331.913181818182,4331.913181818182
VIC1,2025-01-01 15:25:00,4390.202727272727,29.26,AVERAGE,4390.202727272727,4390.202727272727
VIC1,2025-01-01 15:30:00,4440.735000000001,29.741969696969694,AVERAGE,4440.735000000001,4440.735000000001
VIC1,2025-01-01 15:35:00,4480.859696969696,17.199090909090906,AVERAGE,4480.859696969696,4480.859696969696
VIC1,2025-01-01 15:40:00,4516.420606060607,23.250454545454545,AVERAGE,4516.420606060607,4516.420606060607
VIC1,2025-01-01 15:45:00,4563.306818181818,25.565454545454543,AVERAGE,4563.306818181818,4563.306818181818
VIC1,2025-01-01 15:50:00,4615.037727272727,25.88636363636364,AVERAGE,4615.037727272727,4615.037727272727
VIC1,2025-01-01 15:55:00,4663.239393939394,23.201060606060604,AVERAGE,4663.239393939394,4663.239393939394
VIC1,2025-01-01 16:00:00,4710.809393939394,29.718030303030304,AVERAGE,4710.809393939394,4710.809393939394
VIC1,2025-01-01 16:05:00,4761.921969696969,21.005,AVERAGE,4761.921969696969,4761.921969696969
VIC1,2025-01-01 16:10:00,4791.175454545455,21.608939393939394,AVERAGE,4791.175454545455,4791.175454545455
VIC1,2025-01-01 16:15:00,4848.356666666667,31.35378787878788,AVERAGE,4848.356666666667,4848.356666666667
VIC1,2025-01-01 16:20:00,4921.622878787879,31.260303030303028,AVERAGE,4921.622878787879,4921.622878787879
VIC1,2025-01-01 16:25:00,4989.084393939394,38.92939393939394,AVERAGE,4989.084393939394,4989.084393939394
VIC1,2025-01-01 16:30:00,5052.956666666667,42.630606060606056,AVERAGE,5052.956666666667,5052.956666666667
VIC1,2025-01-01 16:35:00,5102.372575757576,35.31621212121212,AVERAGE,5102.372575757576,5102.372575757576
VIC1,2025-01-01 16:40:00,5141.385,34.987878787878785,AVERAGE,5141.385,5141.385
VIC1,2025-01-01 16:45:00,5193.682575757575,38.15363636363636,AVERAGE,5193.682575757575,5193.682575757575
VIC1,2025-01-01 16:50:00,5252.347272727273,43.41621212121212,AVERAGE,5252.347272727273,5252.347272727273
VIC1,2025-01-01 16:55:00,5292.70803030303,42.498636363636365,AVERAGE,5292.70803030303,5292.70803030303
VIC1,2025-01-01 17:00:00,5349.591363636364,43.894393939393936,AVERAGE,5349.591363636364,4547.152659090909
VIC1,2025-01-01 17:05:00,5382.718181818183,40.77606060606061,AVERAGE,5382.718181818183,4575.310454545456
VIC1,2025-01-01 17:10:00,5341.922878787878,35.83969696969697,AVERAGE,5341.922878787878,4540.634446969696
VIC1,2025-01-01 17:15:00,5388.305606060606,39.46590909090909,AVERAGE,5388.305606060606,4580.0597651515145
VIC1,2025-01-01 17:20:00,5434.029545454546,47.41227272727273,AVERAGE,5434.029545454546,4618.925113636364
VIC1,2025-01-01 17:25:00,5492.853939393939,58.18969696969697,AVERAGE,5492.853939393939,4668.925848484848
VIC1,2025-01-01 17:30:00,5543.171969696969,63.37787878787879,AVERAGE,5543.171969696969,4711.696174242424
VIC1,2025-01-01 17:35:00,5575.792272727273,53.17060606060606,AVERAGE,5575.792272727273,4739.423431818182
VIC1,2025-01-01 17:40:00,5601.993939393939,53.46363636363636,AVERAGE,5601.993939393939,4761.694848484848
VIC1,2025-01-01 17:45:00,5655.28696969697,65.21757575757576,AVERAGE,5655.28696969697,4806.993924242424
VIC1,2025-01-01 17:50:00,5705.919545454545,68.29242424242425,AVERAGE,5705.919545454545,4850.0316136363635
VIC1,2025-01-01 17:55:00,5742.914090909091,74.1419696969697,AVERAGE,5742.914090909091,4881.476977272728
VIC1,2025-01-01 18:00:00,5765.082424242424,83.34863636363637,AVERAGE,5765.082424242424,4900.32006060606
VIC1,2025-01-01 18:05:00,5795.666666666667,78.88,AVERAGE,5795.666666666667,4926.316666666667
VIC1,2025-01-01 18:10:00,5802.638636363637,88.99878787878788,AVERAGE,5802.638636363637,4932.242840909091
VIC1,2025-01-01 18:15:00,5814.970606060606,93.89727272727274,AVERAGE,5814.970606060606,4942.7250151515145
VIC1,2025-01-01 18:20:00,5836.625909090909,99.23181818181818,AVERAGE,5836.625909090909,4961.132022727273
VIC1,2025-01-01 18:25:00,5858.842424242424,101.045,AVERAGE,5858.842424242424,4980.016060606061
VIC1,2025-01-01 18:30:00,5877.837424242424,110.98454545454544,AVERAGE,5877.837424242424,4996.1618106060605
VIC1,2025-01-01 18:35:00,5879.870606060606,99.69257575757575,AVERAGE,5879.870606060606,4997.890015151515
VIC1,2025-01-01 18:40:00,5898.18803030303,105.875,AVERAGE,5898.18803030303,5013.459825757575
VIC1,2025-01-01 18:45:00,5903.804545454545,118.18909090909092,AVERAGE,5903.804545454545,5018.233863636364
VIC1,2025-01-01 18:50:00,5917.403333333334,121.87833333333332,AVERAGE,5917.403333333334,5029.792833333334
VIC1,2025-01-01 18:55:00,5919.492272727272,115.12984848484848,AVERAGE,5919.492272727272,5031.568431818181
VIC1,2025-01-01 19:00:00,5924.865303030303,123.81984848484848,AVERAGE,5924.865303030303,5036.135507575757
VIC1,2025-01-01 19:05:00,5901.354242424242,279.3360606060606,AVERAGE,5901.354242424242,5016.151106060606
VIC1,2025-01-01 19:10:00,5885.590454545455,278.4463636363636,AVERAGE,5885.590454545455,5002.751886363637
VIC1,2025-01-01 19:15:00,5890.240151515151,237.13151515151512,AVERAGE,5890.240151515151,5006.704128787878
VIC1,2025-01-01 19:20:00,5876.873030303031,168.3390909090909,AVERAGE,5876.873030303031,4995.342075757576
VIC1,2025-01-01 19:25:00,5866.403939393939,128.89666666666668,AVERAGE,5866.403939393939,4986.443348484849
VIC1,2025-01-01 19:30:00,5851.578939393939,115.3589393939394,AVERAGE,5851.578939393939,4973.842098484848
VIC1,2025-01-01 19:35:00,5852.068333333334,114.3589393939394,AVERAGE,5852.068333333334,4974.258083333333
VIC1,2025-01-01 19:40:00,5825.4686363636365,110.61560606060608,AVERAGE,5825.4686363636365,4951.648340909091
VIC1,2025-01-01 19:45:00,5805.201060606061,106.93075757575758,AVERAGE,5805.201060606061,4934.420901515152
VIC1,2025-01-01 19:50:00,5782.91909090909,105.71621212121212,AVERAGE,5782.91909090909,4915.481227272727
VIC1,2025-01-01 19:55:00,5770.191212121212,106.50333333333332,AVERAGE,5770.191212121212,4904.66253030303
VIC1,2025-01-01 20:00:00,5743.414090909091,103.12636363636364,AVERAGE,5743.414090909091,4881.901977272727
VIC1,2025-01-01 20:05:00,5707.509696969697,105.66439393939396,AVERAGE,5707.509696969697,4851.383242424242
VIC1,2025-01-01 20:10:00,5691.314545454546,105.0328787878788,AVERAGE,5691.314545454546,4837.617363636364
VIC1,2025-01-01 20:15:00,5670.572575757576,103.8271212121212,AVERAGE,5670.572575757576,4819.986689393939
VIC1,2025-01-01 20:20:00,5633.697121212122,100.02621212121213,AVERAGE,5633.697121212122,4788.642553030303
VIC1,2025-01-01 20:25:00,5601.702424242424,99.42166666666668,AVERAGE,5601.702424242424,4761.44706060606
VIC1,2025-01-01 20:30:00,5562.217272727273,94.28181818181818,AVERAGE,5562.217272727273,4727.884681818182
VIC1,2025-01-01 20:35:00,5528.087424242424,93.0909090909091,AVERAGE,5528.087424242424,4698.87431060606
VIC1,2025-01-01 20:40:00,5495.163333333333,99.10136363636364,AVERAGE,5495.163333333333,4670.8888333333325
VIC1,2025-01-01 20:45:00,5462.386515151516,94.41075757575756,AVERAGE,5462.386515151516,4643.0285378787885
VIC1,2025-01-01 20:50:00,5424.147272727272,92.65515151515152,AVERAGE,5424.147272727272,4610.525181818181
VIC1,2025-01-01 20:55:00,5387.944090909091,90.46924242424242,AVERAGE,5387.944090909091,4579.752477272727
VIC1,2025-01-01 21:00:00,5344.357727272727,86.96257575757575,AVERAGE,5344.357727272727,5344.357727272727
VIC1,2025-01-01 21:05:00,5297.41909090909,92.72196969696972,AVERAGE,5297.41909090909,5297.41909090909
VIC1,2025-01-01 21:10:00,5272.740151515151,95.64530303030304,AVERAGE,5272.740151515151,5272.740151515151
VIC1,2025-01-01 21:15:00,5231.96303030303,95.4671212121212,AVERAGE,5231.96303030303,5231.96303030303
VIC1,2025-01-01 21:20:00,5186.990000000001,93.095,AVERAGE,5186.990000000001,5186.990000000001
VIC1,2025-01-01 21:25:00,5163.216363636364,90.76409090909092,AVERAGE,5163.216363636364,5163.216363636364
VIC1,2025-01-01 21:30:00,5128.211666666667,87.53090909090909,AVERAGE,5128.211666666667,5128.211666666667
VIC1,2025-01-01 21:35:00,5098.941818181818,95.55530303030302,AVERAGE,5098.941818181818,5098.941818181818
VIC1,2025-01-01 21:40:00,5056.956212121212,96.55787878787878,AVERAGE,5056.956212121212,5056.956212121212
VIC1,2025-01-01 21:45:00,5015.34696969697,92.12545454545456,AVERAGE,5015.34696969697,5015.34696969697
VIC1,2025-01-01 21:50:00,4973.112575757576,91.80560606060608,AVERAGE,4973.112575757576,4973.112575757576
VIC1,2025-01-01 21:55:00,4934.319696969696,88.13348484848485,AVERAGE,4934.319696969696,4934.319696969696
VIC1,2025-01-01 22:00:00,4890.899848484849,81.75333333333333,AVERAGE,4890.899848484849,4890.899848484849
VIC1,2025-01-01 22:05:00,4835.12393939394,84.9609090909091,AVERAGE,4835.12393939394,4835.12393939394
VIC1,2025-01-01 22:10:00,4843.803484848485,87.85984848484848,AVERAGE,4843.803484848485,4843.803484848485
VIC1,2025-01-01 22:15:00,4846.14803030303,88.29378787878788,AVERAGE,4846.14803030303,4846.14803030303
VIC1,2025-01-01 22:20:00,4819.301515151516,88.80545454545454,AVERAGE,4819.301515151516,4819.301515151516
VIC1,2025-01-01 22:25:00,4792.833636363636,84.53757575757575,AVERAGE,4792.833636363636,4792.833636363636
VIC1,2025-01-01 22:30:00,4779.728636363637,83.55954545454546,AVERAGE,4779.728636363637,4779.728636363637
VIC1,2025-01-01 22:35:00,4753.646515151515,86.39863636363637,AVERAGE,4753.646515151515,4753.646515151515
VIC1,2025-01-01 22:40:00,4741.223636363637,84.80530303030302,AVERAGE,4741.223636363637,4741.223636363637
VIC1,2025-01-01 22:45:00,4716.205606060606,82.94863636363635,AVERAGE,4716.205606060606,4716.205606060606
VIC1,2025-01-01 22:50:00,4694.556666666666,80.16,AVERAGE,4694.556666666666,4694.556666666666
VIC1,2025-01-01 22:55:00,4669.541212121213,79.32121212121211,AVERAGE,4669.541212121213,4669.541212121213
VIC1,2025-01-01 23:00:00,4671.842272727273,78.23272727272727,AVERAGE,4671.842272727273,4671.842272727273
VIC1,2025-01-01 23:05:00,4686.008333333333,81.22575757575757,AVERAGE,4686.008333333333,4686.008333333333
VIC1,2025-01-01 23:10:00,4804.939393939394,94.01515151515152,AVERAGE,4804.939393939394,4804.939393939394
VIC1,2025-01-01 23:15:00,4832.889999999999,90.91272727272728,AVERAGE,4832.889999999999,4832.889999999999
VIC1,2025-01-01 23:20:00,4818.162424242424,88.15848484848485,AVERAGE,4818.162424242424,4818.162424242424
VIC1,2025-01-01 23:25:00,4820.7818181818175,89.01575757575758,AVERAGE,4820.7818181818175,4820.7818181818175
VIC1,2025-01-01 23:30:00,4815.7548484848485,88.47545454545455,AVERAGE,4815.7548484848485,4815.7548484848485
VIC1,2025-01-01 23:35:00,4795.789090909091,91.15363636363637,AVERAGE,4795.789090909091,4795.789090909091
VIC1,2025-01-01 23:40:00,4762.677121212121,92.3939393939394,AVERAGE,4762.677121212121,4762.677121212121
VIC1,2025-01-01 23:45:00,4713.738484848484,86.98060606060606,AVERAGE,4713.738484848484,4713.738484848484
VIC1,2025-01-01 23:50:00,4675.144545454546,87.52121212121212,AVERAGE,4675.144545454546,4675.144545454546
VIC1,2025-01-01 23:55:00,4633.793484848485,84.1680303030303,AVERAGE,4633.793484848485,4633.793484848485
